strict,relaxed_.5,pretty_relaxed_1,very_relaxed_1.5
0.15873015873015872,0.5033509700176367,0.8084656084656084,0.9633156966490299
