strict,relaxed_.5,pretty_relaxed_1,very_relaxed_1.5
0.198730159,0.65335097,0.878465608,0.983315697
